item,qty,spec,supplier,unit_cost_usd,make_buy,notes
1 Front hub motor wheel,1,"48 V 250 W geared front hub motor, slow winding (about 200 rpm no-load at 48 V), 100 mm dropout spacing, 10 mm axle flats, laced into a 28 in (ETRTO 635) steel rim with 13G spokes; donor tyre and tube reused",E-bike motor distributor (generic geared hub); rim and spokes from the local bike trade,70.00,buy,Generic part. Indicative price (motor about $55; rim and spokes about $15); lacing by the local mechanic with a lacing card; 48 V decided (SSP-DDR-001)
2 Torque arms (pair),1,"5 mm mild steel plate arms, 20 mm wide, keyed to the 10 mm axle flats, clamped 130 mm up each fork blade with a band clip",E-bike parts supplier or local fabricator,6.00,buy,Generic part. Indicative price; mandatory on both sides
3 Controller,1,"48 V nominal (to 54.6 V), 15 A battery current limit, sine-wave, potted or IP65 case, pedal-assist, brake cut-off, power-lock and walk-assist inputs, 20 km/h default cut-off",E-bike parts supplier (generic controller),22.00,buy,Generic part. Indicative price; 15 A matches the SwapCell legacy limit
4 SwapCell receiver cradle and clamps,1,"Folded steel cradle with SwapCell guide faces (1 mm clearance per side), latch catch, over-centre preload lever (330 N, ratio 6.6 or more, detent) for latch class V1, receptacle with 10 kOhm 1 % INTERLOCK coding resistor; two stainless band clamps with rubber liners for 28 to 32 mm down tubes",Local fabricator plus connector supplier,28.00,make,Portfolio-specific part. Indicative price; interface v0.3 items W and V; no welding to the donor frame
5 Host adapter and charge port,1,"Small microcontroller with CAN transceiver, supply diode-ORed from PACK+ and the charge port, controller power-lock output, keyed charge inlet, potted in a sealed box",Electronics distributor,14.00,buy,Portfolio-specific part (custom firmware). Indicative price; SwapCell vehicle host for modes 2 and 3 and mode 4 (interface v0.3 item C)
6 SwapCell pack,1,"13S2P 21700, 46.8 V nominal, about 468 Wh, 340 x 90 x 80 mm, about 2.85 kg (SwapCell interface v0.3)",SwapCell project,414.00,make,Excluded from the kit cost; priced once in SwapCell (SWC-CAL-001) per the portfolio rule
7 Pedal-assist sensor,1,"Split 12-magnet disc and Hall sensor, fits without removing the crank",E-bike parts supplier,6.00,buy,Generic part. Indicative price
8 Handlebar control and brake cut-off,1,"LED assist-level and charge display, power switch wired in series with the INTERLOCK loop, walk-assist button; two clamp-on magnetic brake cut-off sensors for rod or cable brake levers",E-bike parts supplier,14.00,buy,Generic part. Indicative price
9 Wiring harness with fuse,1,"Waterproof keyed connectors (IP65 class), 20 A blade fuse in sealed holder, spiral wrap and cable ties",E-bike parts supplier,15.00,buy,Generic part. Indicative price
10 Solar panel,1,"100 W monocrystalline, about 1,000 x 670 x 35 mm, Vmp about 18 V",Regional solar distributor,45.00,buy,Generic part. Indicative price; can be shared at a village hub
11 Boost MPPT charger,1,"Input 15 to 25 V, output CC/CV to 54.6 V at up to 2 A, input-voltage tracking, weather-protected case",Electronics distributor (generic boost charger module),25.00,buy,Generic part. Indicative price; the host adapter is the SwapCell charge host
12 Panel stand,1,"Steel angle or timber A-frame, tilt 10 to 20 degrees",Local fabricator,10.00,make,Generic part (local make). Indicative material cost
13 Charge cable,1,"5 m, 2-core 1.5 mm2 outdoor cable with keyed plug to the cradle charge port",E-bike parts supplier,6.00,buy,Generic part. Indicative price; lets the pack charge in shade while the panel sits in sun
14 Hardware and consumables,1,"Bolts, washers, rubber liners, cable ties, dielectric grease",Local hardware shop,8.00,buy,Generic part. Indicative price; no exploded-view callout
